news_id,source,category,title,content,pub_date,ai_summary,is_summarized,created_at
https://news.google.com/rss/articles/CBMiT0FVX3lxTE1PUWp0ekZQV3NsN3RiM1hNdEF3Y1hZWkI1S2JvVzE5ajVwQ0dTcXh2bGVkMXhVckV3U2ZnRTNVdk04MzRnTlFONjVKdEZXa1E?oc=5,google_news_it_rss,IT,"""북한인인 줄도 몰랐다""⋯美 연방정부까지 뚫은 北 IT 인력 - v.daum.net","""북한인인 줄도 몰랐다""⋯美 연방정부까지 뚫은 北 IT 인력 v.daum.net",2026-08-11,,0,2026-08-13 10:13:26
https://news.google.com/rss/articles/CBMiW0FVX3lxTE5IZFZUR1hiZU1DbUNsU0VzQllsQTN1ODdUWHR5U3VORjNReG5IMkNDS2FpSVJ4X2YxSkR4d1djWXBrNk9qWkUwaG01OTZBNHJxYk1wZXo5YnZPOUHSAWBBVV95cUxPb1RlT1RCZHNIbzZEZ091cWo5NlZGbW9tVjBRWmFZUmMwd1RNUlJtN3YzbTFnTFg3dTl2WkotX1dwYkVGNVhfdjROWVRYWUkzY2hWZWhSR29zZGxNSUVXRHM?oc=5,google_news_it_rss,IT,"FBI, '美연방정부기관 위장취업' 北원격 IT 근로자 적발 - 연합뉴스","FBI, '美연방정부기관 위장취업' 北원격 IT 근로자 적발 연합뉴스",2026-08-11,,0,2026-08-13 10:13:26
https://news.google.com/rss/articles/CBMiWkFVX3lxTE1oZ1h3M1UyWENVb190SkJvZHBmVDZnenpUSGxFSy1xSVJpZExoRmpoV29VMmt0WEdfa1ZBaHBmblZMT1Z1eHJwWGJyWmFQaXIwZGpZZXRDWXVfQQ?oc=5,google_news_it_rss,IT,"""공부만 열심히 하면 될 줄""…잘 나가던 'IT 강국'에 무슨 일이 - 한국경제","""공부만 열심히 하면 될 줄""…잘 나가던 'IT 강국'에 무슨 일이 한국경제",2026-08-11,,0,2026-08-13 10:13:26
https://news.google.com/rss/articles/CBMiYEFVX3lxTFBJRjZaTjNzR0pFVnhjRUhyMXpiNlo3b3Q0WEhLdUxFMHlud2JLdEIxSHdLRXhqemJvWkU1NjRDQzBfbVNuZWRCSkpUVG5PSVpBcUhERHpEcnk5T1Q4VTRtQtIBYEFVX3lxTFBJRjZaTjNzR0pFVnhjRUhyMXpiNlo3b3Q0WEhLdUxFMHlud2JLdEIxSHdLRXhqemJvWkU1NjRDQzBfbVNuZWRCSkpUVG5PSVpBcUhERHpEcnk5T1Q4VTRtQg?oc=5,google_news_it_rss,IT,美 정부도 뚫렸다…'위장취업' 북한 IT인력 적발 - 연합뉴스,美 정부도 뚫렸다…'위장취업' 북한 IT인력 적발 연합뉴스,2026-08-11,,0,2026-08-13 10:13:26
https://news.google.com/rss/articles/CBMiZ0FVX3lxTE8tUUpXczdZemdFRlpOLThPQWN0dS1uZWh1d2szcl8wdDBkUTVLRkktVEZnTzlHTUI0eXZqVTJVT29EbEdObWhPbE02T0lYRHhRR01NaU9EbXhTTWJ5UVhLeVdDYy1TTVE?oc=5,google_news_it_rss,IT,"FBI, ’연방정부기관 위장취업’ 북한 원격 IT 근로자 적발 - 연합뉴스TV","FBI, ’연방정부기관 위장취업’ 북한 원격 IT 근로자 적발 연합뉴스TV",2026-08-11,,0,2026-08-13 10:13:26
https://news.google.com/rss/articles/CBMiT0FVX3lxTE11UWdSUS1MbHVOZWJCMFQ0YXJ2a1NLb1JNMlE0RGFMdXFYMklTUElSNjQwTGpiUGgzOFVoQ2hILXV0MnVzaEpHZFd5STllajg?oc=5,google_news_it_rss,IT,"'IT 통합교섭 추진' 네이버 노조 ""16개 법인 매년 1천시간 소모""(종합2보) - v.daum.net","'IT 통합교섭 추진' 네이버 노조 ""16개 법인 매년 1천시간 소모""(종합2보) v.daum.net",2026-08-12,,0,2026-08-13 10:13:26
https://news.google.com/rss/articles/CBMiTkFVX3lxTE12LWVLZl9OWklQQU13RDRvZmZJbFlGa0RoTUVPbXlhbkl5X3p1NmcyZkJ6RGJ5VXpJVFNuMGxrckJBS0YyRUJSUWJYSVZsZw?oc=5,google_news_it_rss,IT,"유비리서치, “IT용 OLED 경쟁, 열쇠는 '원가 경쟁력'” - 전자신문","유비리서치, “IT용 OLED 경쟁, 열쇠는 '원가 경쟁력'” 전자신문",2026-08-12,,0,2026-08-13 10:13:26
https://news.google.com/rss/articles/CBMiUkFVX3lxTE1HLVVvS1R4T1ZlRzlPcDFRSWZXUGNTb2RpMTdJckUwWTRhckdydERCcTUwR2dKQU0zbzZTR0pHdzloblBKM3JDekZRb2JIMkQyZ0HSAVNBVV95cUxNT2RvV0J3WTl1MU9pZl9CVDdJdk9oQlNNSWlBWldFeFVBY3pYRm82RVp0WGlndEFxeWdheHQ2RHo0TUhDemdrdWRRYVV4Mlk5eGRzOA?oc=5,google_news_it_rss,IT,"네이버, IT업계 첫 경총 가입…노조는 계열사 통합교섭 추진 - 서울경제","네이버, IT업계 첫 경총 가입…노조는 계열사 통합교섭 추진 서울경제",2026-08-12,,0,2026-08-13 10:13:26
https://news.google.com/rss/articles/CBMiUkFVX3lxTFAtYmszZEpUclVDVjQwZlNMNmIwZmpJQXMxaTBkWk5XbWRhQmpuNm5DUUtEMWlGS1JZOUJsLXVEQ2VDU2ppblNkQUNaaFBYbU13UkHSAVNBVV95cUxNRXNwR0ZMOVlhWTdRQXJyZ1h5ODNaX1NwZnpRbVlYQVhRZVYtLWlhREdkcDBscFVib0E4V2hhd3ByYVBkbEM3ZjVkN1p0SzR4RlQzOA?oc=5,google_news_it_rss,IT,현대차 회장이 직접 코딩 공부한 이유…“IT기업보다 더 IT기업 같게” [biz-플러스] - 서울경제,현대차 회장이 직접 코딩 공부한 이유…“IT기업보다 더 IT기업 같게” [biz-플러스] 서울경제,2026-08-12,,0,2026-08-13 10:13:26
https://news.google.com/rss/articles/CBMiVEFVX3lxTE5BbUVVRUd4WUtFT3JvWDJRaXZZcXV2OU9XS2g1RndpT3R5ZE9UeXJBWG1vWm9iaXF5OHZ4NFFoVmQzTGU2dWctZm5EVHhvRzVpV3FLRg?oc=5,google_news_it_rss,IT,'통합교섭' 시동 네이버...IT 업계 '경총' 가입 - 이투데이,'통합교섭' 시동 네이버...IT 업계 '경총' 가입 이투데이,2026-08-12,,0,2026-08-13 10:13:26
https://news.google.com/rss/articles/CBMiVkFVX3lxTE1KSXJoX3l0X0xaSzdzUVVHYTRPaHhlOUxVSTJXb211Ri1pamp4RzhjTjBsTUxlT0RsUGRsRERlMGlOaEJNTU1mdVRBbm1oaWxmS0pMT3RB?oc=5,google_news_it_rss,IT,삼성·LGD 새 성장축은 'IT'…애플 맥북·아이맥 OLED 적용 기대 - 지디넷코리아,삼성·LGD 새 성장축은 'IT'…애플 맥북·아이맥 OLED 적용 기대 지디넷코리아,2026-08-12,,0,2026-08-13 10:13:26
https://news.google.com/rss/articles/CBMiWkFVX3lxTE1hQmdteTJ5MUtTVHJBRUV2VE1vVXBLNTdzVWFUMWtCZHY5NzdOdC1Da3NWQ3VyQWdCSWVNUnpockVjV3BtS2lRMXltY2VHdlJRUDB2NFZHV0VEdw?oc=5,google_news_it_rss,IT,"""물풍선 추억도 안녕""…아듀! 크레이지 아케이드[1일IT템] - 파이낸셜뉴스","""물풍선 추억도 안녕""…아듀! 크레이지 아케이드[1일IT템] 파이낸셜뉴스",2026-08-12,,0,2026-08-13 10:13:26
https://news.google.com/rss/articles/CBMiZ0FVX3lxTE1teUhCOWdnSFNNTzgxcnVjV1FWaXZ6Z3FEaHByRjBlT0ZYLWVJYnFRX0MyZ1pMRjlPeHBqczEtam5aVGtIaURfOW1ONjhjUFF5TUwwejRRT0NydU03MnZSZTlLbnlET0E?oc=5,google_news_it_rss,IT,"네이버 노조, IT 통합교섭 공식화 ""16개 법인 매년 1천 시간 소모"" - 연합뉴스TV","네이버 노조, IT 통합교섭 공식화 ""16개 법인 매년 1천 시간 소모"" 연합뉴스TV",2026-08-12,,0,2026-08-13 10:13:26
https://news.google.com/rss/articles/CBMiZ0FVX3lxTE8zX2hyUEFMNnV3dGZ0NGlZT1NERng4a2JiUUxEY2hiZDBZZGR3ektBdXlfWG03cHRRcXdMVFdkMXJYQXcxMnlrT0EzeXNLUE1SWUl2aEZDSDRrOENTREtwVk4yai03R3fSAWxBVV95cUxNNVFsTnNFRWdwSkl3TUh6akJlUWZWVDFFQ2wwNnJNYm4wc0xUZG9HRWpTeEt5N2dyMjlMN1RDTUJQQnhWdVZhdm9wVFZrM1RKb3FwWXBPZ2Z6cHdha3RsNjZRRHJKSkhQaEhqdVo?oc=5,google_news_it_rss,IT,"메모리 떠났던 인텔 돌아오나…""이석희 영입 보면 알 것"" [IT썰] - 머니투데이 - 머니투데이","메모리 떠났던 인텔 돌아오나…""이석희 영입 보면 알 것"" [IT썰] - 머니투데이 머니투데이",2026-08-12,,0,2026-08-13 10:13:26
https://news.google.com/rss/articles/CBMiZEFVX3lxTFBHVDQxQTEtYTktcDlnWG1LSVA4dHZsWjVfSURBSnJQODJsczl5S2MwNGpyV2hReHN0VFlHSjJUSUM5SjRyNUx3WHVoVXA5ZTRyTGIwWVc5WVhGMXFEWHZYQ1kzR04?oc=5,google_news_it_rss,IT,"웅진IT, 우리금융에프앤아이 NPL 시스템 구축 - 매일일보","웅진IT, 우리금융에프앤아이 NPL 시스템 구축 매일일보",2026-08-12,,0,2026-08-13 10:13:26
https://news.google.com/rss/articles/CBMiaEFVX3lxTE5MdUdCOE9aVTZVR3BOOXVJVXUzcW5JejBPamNhNHh4a25lZjdNYVlRT2Q4MWtURmE0SDJxZDJRcU1QOVBYUDhlYVA5Qkx6d2RRdEtYMGNfb09LOUtSSWFjTVp3VGF4UHpD?oc=5,google_news_it_rss,IT,美연방정부서 일한 북한 IT인력…FBI도 어리둥절 - 머니투데이,"美연방정부서 일한 북한 IT인력…FBI도 어리둥절 머니투데이 FBI, '美연방정부기관 위장취업' 北원격 IT 근로자 적발 연합뉴스 北 ‘가짜 IT 인력’ 美 연방정부까지… FBI 적발 [오늘의world+] v.daum.net",2026-08-12,,0,2026-08-13 10:13:26
https://news.google.com/rss/articles/CBMic0FVX3lxTE5iNG1KRGRVMDU4T01DaWl2cVg3SW5kWE1IbGp2b1ZZWk9GTnB0THFCZkNWM19QM2ZIaWNacDl0aXBvM1E0S1k3SGpGYlE0WTFGcFVCLVVfNDNNZVhSTjlFaDMyMDVaLTh2Zzd4QUxIWDE5TTg?oc=5,google_news_it_rss,IT,AI가 삼킨 일자리…인도 IT 600만 고용 신화 흔들린다 - 마켓인,AI가 삼킨 일자리…인도 IT 600만 고용 신화 흔들린다 마켓인,2026-08-12,,0,2026-08-13 10:13:26
https://news.google.com/rss/articles/CBMidEFVX3lxTE1PZmhzRzFwMFF6bnZhODZGWTItRTZtZnVIdWF2MlpDdGVoY3Qya3YtYWpTTHRNWDlCT3ZVdWZCRmZYVG44M0dqT3Nqc0NRMTVNT2tMZ3lhMW1MZC1ON25aNENxN3ZGMzBxcmd4TFFFV1A3a2FB?oc=5,google_news_it_rss,IT,[현대차그룹 AX 성과] “IT기업보다 IT기업 같은 회사” 정의선 미션 수행 박차 - 대한경제,[현대차그룹 AX 성과] “IT기업보다 IT기업 같은 회사” 정의선 미션 수행 박차 대한경제,2026-08-12,,0,2026-08-13 10:13:26
https://news.google.com/rss/articles/CBMif0FVX3lxTE9VMnVVUk1mN2Njb0FXZVBVemxGb2lxQ1JGaUcyeW01aENWTkVoaWczRkRHZWxPMkNHMUlCQk1kMktSVEIzcGZHQlhMRF8yRzRVdUQ4cmxiMUM2eUZXb2ZTYU9LX0o5OFVjR3ItYVZwcWpuZXQxSHIxN3dZbkEyLXM?oc=5,google_news_it_rss,IT,"“계열사별 교섭, 연 150회·1000시간 소모”…네이버 노조, IT 통합교섭 요구 - 글로벌이코노믹","“계열사별 교섭, 연 150회·1000시간 소모”…네이버 노조, IT 통합교섭 요구 글로벌이코노믹",2026-08-12,,0,2026-08-13 10:13:26
https://news.google.com/rss/articles/CBMiggFBVV95cUxNWnZPOTRLeFc0cVczemVZZmIxaXRhbnVoaFRCNjROLUpQU0lOSVdocnNNLVA1bDRlVXc2ZFhJZUlwNGlUUVRtY2drQkVkOFlXWWdoWWFKV25sOEZuQ0ZOUUVSeDRUTEFIYUp4S2R5UkdqU3pIbjVKbEJpTE5RbndfQ2Fn0gGWAUFVX3lxTE9TQy1UV2ZOVFVCdC1WM0g4X05xMVROVzlLc0ROX3BYN2dBRUxiQk1LdWFFdWtkSDE1ZklKX2wweVgtcVZBNGF3dENUTndfOVZ1WTBWSy12c2huS3phLVdOVFlLaUxDTUFuVnRmUFhSOVMxUGxZb0hWXzlBZGdVbFZrajFNY0E3dGJURkk2ZjZlbjJzR2xuQQ?oc=5,google_news_it_rss,IT,“디스플레이 설비투자 올해 57%↑… 8.7세대 IT OLED가 성장 주도” - 조선비즈 - Chosunbiz,“디스플레이 설비투자 올해 57%↑… 8.7세대 IT OLED가 성장 주도” - 조선비즈 Chosunbiz,2026-08-12,,0,2026-08-13 10:13:26
https://news.google.com/rss/articles/CBMiQkFVX3lxTFBpZzVvS3RoSUpJNXRrZm9Sa0ZXU21qcWlKbktSQncwOHNQYV9sdU1IeVBoaHRUM1dPZDhmVDBRZU42QQ?oc=5,google_news_it_rss,IT,"경민IT고, 2026 WRO 한국대회 로보미션 고등부 대거 입상… 미래 역량 입증 - 브레이크뉴스","경민IT고, 2026 WRO 한국대회 로보미션 고등부 대거 입상… 미래 역량 입증 브레이크뉴스",2026-08-13,,0,2026-08-13 10:13:26
https://news.google.com/rss/articles/CBMiREFVX3lxTE8ybTZCVE5YLVd1Qzc2TXdtNFFKdFdiZ0JEZmhKYjFRTGpLakR0b1NDUmlqWjhkX3JtdVNmaFltNFlaN0RJ?oc=5,google_news_it_rss,IT,"남구, 청년 IT 자격증 취득 지원 프로그램 운영 - 일등방송","남구, 청년 IT 자격증 취득 지원 프로그램 운영 일등방송",2026-08-13,,0,2026-08-13 10:13:26
https://news.google.com/rss/articles/CBMiSEFVX3lxTE5iMnYyMjBvaGsxTnNKTDctdUNjU210dDRIRjBxQ1Bqdm1wcU1yVkZQM1g2WEQ0Qk9TaWZ4VkZPYnFlSkNLdUE2aA?oc=5,google_news_it_rss,IT,"북한 IT 인력, 미국 정부기관에 원격 근무로 침투…FBI 수사 - chaovietnam.co.kr","북한 IT 인력, 미국 정부기관에 원격 근무로 침투…FBI 수사 chaovietnam.co.kr",2026-08-13,,0,2026-08-13 10:13:26
https://news.google.com/rss/articles/CBMiSkFVX3lxTFBEbFBwYlJHMGNsNW0zZG16RUJhNUdNYWF0c1NKYjFLZ05FVnh5dE5ENTJfb2hhcHZqYUlYaEZYbVhudFBNQUpwVDF3?oc=5,google_news_it_rss,IT,"대구시, 2026년 국민행복 IT 경진대회 지역예선 시상식 개최 - sisakoreanews.kr","대구시, 2026년 국민행복 IT 경진대회 지역예선 시상식 개최 sisakoreanews.kr",2026-08-13,,0,2026-08-13 10:13:26
https://news.google.com/rss/articles/CBMiT0FVX3lxTFBQRmZRSFVoT0ZnRmFnbUdEcDBsTHBlN1VSVDNnbGZ0Wi0tUFliQlRGUlBMeTlFYVhzQmt2QU4xTHBuaG5ReWZUbVgwMlI0SEk?oc=5,google_news_it_rss,IT,"한솔PNS, 제조 IT 설루션 7종 저작권 등록·특허 출원 - v.daum.net","한솔PNS, 제조 IT 설루션 7종 저작권 등록·특허 출원 v.daum.net",2026-08-13,,0,2026-08-13 10:13:26
https://news.google.com/rss/articles/CBMiTEFVX3lxTE9LVnc2cE1EODN0cjRDLUZMTVpDWHoxQU45eXFaNEV6dFBISmlEdmI3Vnp5UC1IVE5iTEw2d2l3cS1jem9OdEdHUlJvLVU?oc=5,google_news_it_rss,IT,"경북TP-KPC, 우즈벡 디지털기술부산하 IT파크 대표단과 IT 스타트업 생태계 교류 간담회 개최 - 전자신문","경북TP-KPC, 우즈벡 디지털기술부산하 IT파크 대표단과 IT 스타트업 생태계 교류 간담회 개최 전자신문",2026-08-13,,0,2026-08-13 10:13:26
https://news.google.com/rss/articles/CBMiTkFVX3lxTE9lbU1OWVJZYUtyTHhCdmhpSjhJcWtIbkdHVVZSaTdYZ2htOFRSRWVaSEhOTl9yMW9aNVdtaEpjRWpfUk1lS2dfRTBGYmdwUQ?oc=5,google_news_it_rss,IT,"경북TP-KPC, 우즈벡 디지털기술부산하 IT파크 대표단과 IT 스타트업 생태계 교류 간담회 개최 - 전자신문","경북TP-KPC, 우즈벡 디지털기술부산하 IT파크 대표단과 IT 스타트업 생태계 교류 간담회 개최 전자신문",2026-08-13,,0,2026-08-13 10:13:26
https://news.google.com/rss/articles/CBMiU0FVX3lxTE1HNThaWktWbTVONm1yTktOS180VEtXOFRnQzY0X3ZQRG5zaktRd3BGVV84alY3dnVsYjBXWVF2RzhQY2RKdjVBZS1YbG9VMmtBUmRj?oc=5,google_news_it_rss,IT,"미래인테크놀러지, 2년 연속 'Good-IT Service Award' 수상 - 네이트","미래인테크놀러지, 2년 연속 'Good-IT Service Award' 수상 네이트",2026-08-13,,0,2026-08-13 10:13:26
https://news.google.com/rss/articles/CBMiU0FVX3lxTE1OZHd3bXF4WW9Say1nSTBmbTYxOVNtS1hER1ZZU2dEVmg2OEZSakNPZ0ZxMjJPbjBmX0ZCMHhMbFVza1NZQ2xiWWJVVFQ3WjlKQ2hV?oc=5,google_news_it_rss,IT,"[전자·IT 레이더] 웹케시·LG CNS·한컴, 각 분야 AI 플랫폼 구축·연동…기업 AX 영토 넓힌다 - 더밸류뉴스","[전자·IT 레이더] 웹케시·LG CNS·한컴, 각 분야 AI 플랫폼 구축·연동…기업 AX 영토 넓힌다 더밸류뉴스",2026-08-13,,0,2026-08-13 10:13:26
https://news.google.com/rss/articles/CBMiU0FVX3lxTE1lN3JxTndtYlNIY2MtYWxzWlM3OUNveDg2MDk4TFpudW1FOHNtQkhJczJHTmdsVjNseW4tSGtad09TWXljd3ZSaVBzc2t5YW9KUmpR?oc=5,google_news_it_rss,IT,"[IT 투데이] 펄어비스, 2025 ESG 경영 보고서 발간 外 - 네이트","[IT 투데이] 펄어비스, 2025 ESG 경영 보고서 발간 外 네이트",2026-08-13,,0,2026-08-13 10:13:26
https://news.google.com/rss/articles/CBMiU0FVX3lxTE4xMkRORENtVjVKckZ6bWI2UUxGalJUaHppN1o0bXRpLWNZNnJBeUdHb00yYncydlowVVBTQkVuc2g5MVA5S3RhWGVkZG4wR1lqOUVN?oc=5,google_news_it_rss,IT,"한솔PNS, 제조IT 솔루션 7종 저작권 등록·특허 출원 완료 - 네이트","한솔PNS, 제조IT 솔루션 7종 저작권 등록·특허 출원 완료 네이트",2026-08-13,,0,2026-08-13 10:13:26
https://news.google.com/rss/articles/CBMiUEFVX3lxTE1ZRmExcXAxTUZ6OVVqZlc0ZzRQYi1HWGNfV1Vyc1FJMGh5cExSczVDajEwd0puenVnRWJRQVVrS3ZSTE04dE9temloLW53QlR5?oc=5,google_news_it_rss,IT,"한솔PNS, 제조IT 솔루션 7종 저작권 등록·특허 출원 완료 - 매일경제","한솔PNS, 제조IT 솔루션 7종 저작권 등록·특허 출원 완료 매일경제",2026-08-13,,0,2026-08-13 10:13:26
https://news.google.com/rss/articles/CBMiUkFVX3lxTE5zaEZUMXJFMm1pbmRBZV9PVlpRZGZyRW8yd0lySjgteXZDVkoyS3pacm5VakZkREo1VG45d2dwMm9Jb3N4dHlRUHY4QXE0UzVJRlE?oc=5,google_news_it_rss,IT,"구미시, `산업재해 없는 구미`실현 앞장 - 경북IT뉴스","구미시, `산업재해 없는 구미`실현 앞장 경북IT뉴스",2026-08-13,,0,2026-08-13 10:13:26
https://news.google.com/rss/articles/CBMiUkFVX3lxTE9oaW5zTGxVRGJlSksyZFJuWlZDSEJORlNyUzNFemJYbWhGOEk1a29Ja2R4Ni02VnhkWnkyU3ktY0tRRmRHQUtBNEhEcG9GWjVCX0E?oc=5,google_news_it_rss,IT,"한솔PNS, 제조 IT 설루션 7종 저작권 등록·특허 출원 - 매일경제 마켓","한솔PNS, 제조 IT 설루션 7종 저작권 등록·특허 출원 매일경제 마켓",2026-08-13,,0,2026-08-13 10:13:26
https://news.google.com/rss/articles/CBMiVEFVX3lxTE1lRk9tYk5DZnMtMnBGNG5YeUY5bkJrRjYzZUVVS2dBd2pjbGxENjl3dDM2R193ZjhzVW13MUJVYmU2TzlPQldRNWdsdVBRd3VFRjFYcQ?oc=5,google_news_it_rss,IT,"IT 업계 노사 변곡점...네이버, 노사 대응 본격화하나 - 이투데이","IT 업계 노사 변곡점...네이버, 노사 대응 본격화하나 이투데이",2026-08-13,,0,2026-08-13 10:13:26
https://news.google.com/rss/articles/CBMiVkFVX3lxTE9USzdLTjJtRngxdHVnU1JmZFlvVWZ4QXhQT2VSbU03dmwwaTRPWW0wWi05WDBHWklYRlNSdXctOFFCVHVNNjFIam1MVmpQOUpyc2EwRDR3?oc=5,google_news_it_rss,IT,中 IT업계 유명한 ‘996’ 근무…美 빅테크는 주 7일 90시간 일했다 - 중앙일보,中 IT업계 유명한 ‘996’ 근무…美 빅테크는 주 7일 90시간 일했다 중앙일보,2026-08-13,,0,2026-08-13 10:13:26
https://news.google.com/rss/articles/CBMiVkFVX3lxTFBpRnVxM3NCSGV6ZVlUZnBXWWVhUHg5bi1VOGhyd3B5NDlVMUk5TGdLSVc2TnhYTXdIZjJBVHk0RWpWYXNGLXJQb3pnSjFyRlNlLXhlMy1n?oc=5,google_news_it_rss,IT,"한솔PNS, 제조IT 설루션 7종 저작권 등록…AI 핵심기술 특허도 출원 - 헤럴드경제","한솔PNS, 제조IT 설루션 7종 저작권 등록…AI 핵심기술 특허도 출원 헤럴드경제",2026-08-13,,0,2026-08-13 10:13:26
https://news.google.com/rss/articles/CBMiW0FVX3lxTE5YdE1mR01qZzh3T2JvM0ZrNnNmRE4xZkw2YnVnTTZQZVFobnhUMnRFUk9URGhERTJXdXQtdjJiUlo4T2E2U2tVUGV2YUFPanJkSWZvWEpqSGJWMjjSAWBBVV95cUxOckVpa0xRSkxrSWs1VTdwdzVONDZwSERjc2Fya0RZZm5PYzdTTENoWF9tYkFER0M0d1dCVVVuS3BRZC1zd2lXVEpiWVZYa1BYLV9jZW80RVhoZ1poZmJueVI?oc=5,google_news_it_rss,IT,"한솔PNS, 제조 IT 설루션 7종 저작권 등록·특허 출원 - 연합뉴스","한솔PNS, 제조 IT 설루션 7종 저작권 등록·특허 출원 연합뉴스",2026-08-13,,0,2026-08-13 10:13:26
https://news.google.com/rss/articles/CBMiWkFVX3lxTE1qOTdTMm16VF9IVGFkUVpncXJlV1loU2Zld0xnUTE2NkVqY2VhZS1ZTFh2UnlBX0dRc01UNm5SNklkUzMzcWZJY2M2WGRNb2YwRHRBd2VTWWU5Zw?oc=5,google_news_it_rss,IT,"한솔PNS, 제조 IT 솔루션 7종 저작권 등록·특허 출원 - 파이낸셜뉴스","한솔PNS, 제조 IT 솔루션 7종 저작권 등록·특허 출원 파이낸셜뉴스",2026-08-13,,0,2026-08-13 10:13:26
https://news.google.com/rss/articles/CBMiXEFVX3lxTE1XY0l0RTZNSmRmUlBaaGpra0RyNDFobGZLS1l5ZzBTV2NObklCSWtLNEh1X0cwM1dsX1Y3V0lma3kxOFliNzN5SHliVUcyN0lQM1l2N2ZPTVI1MmVr0gFiQVVfeXFMUHZxSF83aGtFb1duSWRGSDNXZTU1ZVl4QzY0TTNzU0ZpRUtJNC1VOWhySHE3NWFTQW85Z0Rob0N5NjRLVkRidHBmVldiaUVtejVzYTA2SGtFLXNDbGthSHByTXc?oc=5,google_news_it_rss,IT,"""특허로 AX 원천기술 확보""…한솔PNS, 제조IT 7종 저작권 등록 - 뉴스1","""특허로 AX 원천기술 확보""…한솔PNS, 제조IT 7종 저작권 등록 뉴스1",2026-08-13,,0,2026-08-13 10:13:26
https://news.google.com/rss/articles/CBMiXEFVX3lxTFBXb1RSOWFnN2NJeGF6SEd0Z2hYMzN0eDN0YTcxbjRXWURESDh4NDhhZGhuOVJKM1ptRktxX3NFSEhYUTFsUnBoaHpXSURYekNfejlwZVRlTnFfdktI?oc=5,google_news_it_rss,IT,"대구시, ‘국민행복 IT 경진대회 지역예선’ 시상식 개최 - nuriilbo.com","대구시, ‘국민행복 IT 경진대회 지역예선’ 시상식 개최 nuriilbo.com",2026-08-13,,0,2026-08-13 10:13:26
https://news.google.com/rss/articles/CBMiXkFVX3lxTE9ZbHlWSkktY05SNzcyMVB1M3pObVgwaDVPUFoxaFQ3dkZhQlBVazdTLUZHRVFPZ0FjTlJCODBZWDhvYm8zSnY0WExKUzlxdmF1WGYwbGhad1hIX1RCSUHSAWNBVV95cUxQV0F1bDlldnhJLVNPd2VtMm5iREFSdmlDa29YTzMtUDF0M0lIS1ZESVJsLTU4UjNkMG5KMnNJdmI5V21DbWEtdGRzQnVjU19EQmo0SVByaC01Z0lnbjJjWk1rUnM?oc=5,google_news_it_rss,IT,‘AI 기술 진보’ 고성능 IT 주변기기로 스며들고 있다 - 스포츠경향,‘AI 기술 진보’ 고성능 IT 주변기기로 스며들고 있다 스포츠경향,2026-08-13,,0,2026-08-13 10:13:26
https://news.google.com/rss/articles/CBMiYEFVX3lxTE1zNDN5RWh2Y1lqdE1WLU1vaDB5S0R1OTBycUZEUWxSUWltSnphazZxcFFSVlBzTEZVdDkyQ1U4WGgxQWk1a2VTbC1UbnQ3ckRESUNpd0taajNteXlCMkxnbg?oc=5,google_news_it_rss,IT,"한솔PNS, 자체 개발 제조IT 솔루션 7종 저작권 등록 - 아시아경제","한솔PNS, 자체 개발 제조IT 솔루션 7종 저작권 등록 아시아경제",2026-08-13,,0,2026-08-13 10:13:26
https://news.google.com/rss/articles/CBMiZ0FVX3lxTE1nc1M0VmNOeGRwU3pQZlJmSTJaUEZlTzRhOHlXQ0g1Ri0yeXIyZ1VkRjVEUkN6Y3FJS3pwbjBtRm9GMzZmc3U4dnphVFFKcEJ3c0lvMzhQOXpDWXptNmU2dF9JNTNuVEU?oc=5,google_news_it_rss,IT,"남구, 청년 IT 자격증 취득 지원 프로그램 운영 - 팍스경제TV","남구, 청년 IT 자격증 취득 지원 프로그램 운영 팍스경제TV",2026-08-13,,0,2026-08-13 10:13:26
https://news.google.com/rss/articles/CBMiZ0FVX3lxTE5iX2JOQkt4UjZyUUtRZ05CazUyYWY3RFVSSHJ1Tjl3cWNzWWJqMUZFbko2ZERvOVdDb3lIQXdnVlRBc19ya19Mb21PM2sxcFdDcG82MkZUWDBUS0g4NHdpSFYwMmxEaTg?oc=5,google_news_it_rss,IT,"시지메드텍, 과기정통부 ‘우수기업연구소’ 지정 - 메드월드뉴스","시지메드텍, 과기정통부 ‘우수기업연구소’ 지정 메드월드뉴스",2026-08-13,,0,2026-08-13 10:13:26
https://news.google.com/rss/articles/CBMiZEFVX3lxTE81NkhWOHd4dmxhRE81MnZEMDlHY1RxaDFrMktXSEU0QVhabmJ4SmhlYzhDY3pGOG9WMUY3eklKVE5nTFViYXJ1cVJDNWZVWGFDVVBFYWRLV3BjSzY0Vm14RlZhdk0?oc=5,google_news_it_rss,IT,"아이티센글로벌, 상반기 영업이익 94%↑…웹3·IT서비스 성장 - 데이터뉴스","아이티센글로벌, 상반기 영업이익 94%↑…웹3·IT서비스 성장 데이터뉴스",2026-08-13,,0,2026-08-13 10:13:26
https://news.google.com/rss/articles/CBMiZEFVX3lxTE8yZGQtWDF3TFdpWWNLY3VkSHJDSnZzdkVmYjZLdmVZaE15UWRsQnBveUV4eEsyZm5tTGdkSkUybkUyMFlGN1dlZEpxM3c0dDhuOHZfWUZuVV9yTm5Ua0thUFpkVTE?oc=5,google_news_it_rss,IT,"한솔PNS, 제조IT 솔루션 7종 저작권 등록…'AI 특허'로 경쟁력 강화 - MTN 머니투데이방송","한솔PNS, 제조IT 솔루션 7종 저작권 등록…'AI 특허'로 경쟁력 강화 MTN 머니투데이방송",2026-08-13,,0,2026-08-13 10:13:26
https://news.google.com/rss/articles/CBMiZEFVX3lxTFB1c21tRndZUExOVHZXc1h6YzRNSEd3RHg3T1RNUC1lZWVlS2k1bVNZekR5dnh6UHd3TEdCT09NdEl2Q3BIakhWREJUYWRaeF9RYmFuNzNRN3NES21ycWlRVnFPTTQ?oc=5,google_news_it_rss,IT,"경북테크노파크-한국생산성본부, 우즈베키스탄 디지털기술부 산하 IT Park 방문단 맞아 AI·스타트업 협력 논의 - 서울경제TV","경북테크노파크-한국생산성본부, 우즈베키스탄 디지털기술부 산하 IT Park 방문단 맞아 AI·스타트업 협력 논의 서울경제TV",2026-08-13,,0,2026-08-13 10:13:26
https://news.google.com/rss/articles/CBMiZkFVX3lxTE0zM096Vl9EeTJzQk9ydWRZZ1lLajFkV01JeG5JQ3gzQm9vQjBFNjZFQ1hzNW5nSVpfTEg4T1BEZ2ZnY2pjYWRRdEVxR1NHc0dxdXhJQUpzNTB2Y0pCSUNzaEVIYWtzUQ?oc=5,google_news_it_rss,IT,"SGA솔루션즈, 국내 최초 ICAM GS인증 획득 - 디일렉","SGA솔루션즈, 국내 최초 ICAM GS인증 획득 디일렉",2026-08-13,,0,2026-08-13 10:13:26
https://news.google.com/rss/articles/CBMiZkFVX3lxTE8xendIX3pPSDllZDgyWHZiQ3lLRVlYYmxNSkpnTHBaS3FLR0R1SHVCSWNuZGxvMEpLQWdRR1V3ZVZqa2Jra2lHSlJVbm9PNlZtUlY0em5kR0FkS3RvMUhodWRySW5HQQ?oc=5,google_news_it_rss,IT,"韓, 카자흐 과학기술원 설립 참여… 카이스트 모델 적용 검토 - news.unn.net","韓, 카자흐 과학기술원 설립 참여… 카이스트 모델 적용 검토 news.unn.net",2026-08-13,,0,2026-08-13 10:13:26
https://news.google.com/rss/articles/CBMiZkFVX3lxTE9VQzRURzdOT2lFQkppRHpNZmZsY01LajBGTXdWUHhxU2EzU3dBZ1hjRmVjdF84QnRYNG1UYVdwaVhMam9CTGRWRHhQRlBPemdVTEwxMUdNOF9tTlNpaXYxZWQxbTU3Zw?oc=5,google_news_it_rss,IT,"베스핀글로벌의 AI 플랫폼, GS인증 1등급 획득 - 디일렉","베스핀글로벌의 AI 플랫폼, GS인증 1등급 획득 디일렉",2026-08-13,,0,2026-08-13 10:13:26
https://news.google.com/rss/articles/CBMia0FVX3lxTE04Yms0QTdZYnRsUE13Tl9aNnJKTzBpX3V3TmhvUTk2RXNmaGV5UTRuREtXUmFGRzllWFRJNG1CcjVJNnZRb3ZoZ3BVR2RBT0ozbTdYSlVQMHZkZElNTmp3dC1BeDdjb19lVlJB0gFvQVVfeXFMTlFOUlc1X3BTWHdIUXcyOU5CLUpzLTdHWmdTYWFVdXRlT3F3NWJ0ZjJ1NUx6SzdiOGtSYk1FYWhIYlVCTGVmQW9YLXBoQWNMUjhZWWFISjJkTTlPN0RBOWhJQW1sMG45aXlHZnMyWmlB?oc=5,google_news_it_rss,IT,KB국민은행에서 환전하고 eSIM 데이터도 받아가세요 - 서울일보,KB국민은행에서 환전하고 eSIM 데이터도 받아가세요 서울일보,2026-08-13,,0,2026-08-13 10:13:26
https://news.google.com/rss/articles/CBMia0FVX3lxTE1OcVZzUzVVdUlhSVhTam5GNmZsckpJb05IYWp5djQ3S3MyQXVVX1laOExKLVJWRmNWQkNJbUg0TWNRNzVBdi15X2hkMnUwM0VsRV92Q0JEX3QzS0lGU242dDNuMFJqejhmSmJJ0gFvQVVfeXFMTVJyUmlhaDFiT0lxdF92dWZKNVRubjNXVHNDb1BLX3BLME15ZU5IYTVKOE1PS0o3aV9VWXhhRnZGYkEzS09IS1ZXVHZQTDgyT0tLTGhVcldPQnhNN3lNWmN3aEpoYzJhTUJVLXRGMjhr?oc=5,google_news_it_rss,IT,"KT, 2027 충청 유니버시아드대회 공식 파트너로 참여 - 서울일보","KT, 2027 충청 유니버시아드대회 공식 파트너로 참여 서울일보",2026-08-13,,0,2026-08-13 10:13:26
https://news.google.com/rss/articles/CBMia0FVX3lxTE1yeHhXUVVVRk83eC1IbjRKaFhHbnpOR1FDb0hYendwNUlMQnA3cWY0aG1mRDBsYmE0RHFBTVozX2dQaFVJR0ZlYmptaF9hVXFKR1BDQXBOeXpHUnc4QU9lTk5WOXBoSVBnMWpF0gFvQVVfeXFMTnppMUJvLWZzRzdqSm1UVmR6MTZhUFgwWWJOT2ExNUdWTTBVUDBYM0RUMVU3Y3NwLXhuMmNfbEFiRjJHdjhIaHdEM1BaOGJfbDBkR1VDZ3ZKNVYwOWphLUNJdlY2OVdXOGdRc2hpNDVV?oc=5,google_news_it_rss,IT,"하남도시공사, 휴익(HUIC) 모두드림 하우스’ 기부금 전달식 개최 - 서울일보","하남도시공사, 휴익(HUIC) 모두드림 하우스’ 기부금 전달식 개최 서울일보",2026-08-13,,0,2026-08-13 10:13:26
https://news.google.com/rss/articles/CBMia0FVX3lxTE5IUDJ3S3BmQVV2SHFOWG9xVHhXckZiV19QVUZpQW0yVGFCTVk1eTZuQXVhZHNUOS00Z3lfVklIVkJqYjhIMEFKaXZfcy1nN2FQS3d6MGw4RFlHSW4wN0plQmdqNEgwVXlscVE00gFvQVVfeXFMTXlfLWF6cExoT3FCWXA2SjVsSGx1VTl4NmwwVGxXNXR6MlNPSTRNd2tTdFZVNERRX3dsZkNZS3Bta2VXZkJhMXN2Q2pkelgxeHFNOTdxUlR2WnRhNUNJcmU3Y1hFWlA3WFdoWkNXWjlZ?oc=5,google_news_it_rss,IT,"광명, 광명청년인턴 ‘취업역량강화 교육’ 진행 - 서울일보","광명, 광명청년인턴 ‘취업역량강화 교육’ 진행 서울일보",2026-08-13,,0,2026-08-13 10:13:26
https://news.google.com/rss/articles/CBMia0FVX3lxTE96cFRPUG0wM1FvMWt5SlRiSlpyS1c2RnQ3WUVHdlIzSURYTjdtT1ZvTmUzTVhnejcyRDNYcUw2cF9jSVUwcUtNRWp5Znc2dkxFbnQ3c01zZHpPR1RONDRIR294ck9sUkhSc3Ew?oc=5,google_news_it_rss,IT,"카카오, 중소상공인 대상 '카카오비즈 멤버십' 제휴 혜택 확대 - news.bbsi.co.kr","카카오, 중소상공인 대상 '카카오비즈 멤버십' 제휴 혜택 확대 news.bbsi.co.kr",2026-08-13,,0,2026-08-13 10:13:26
https://news.google.com/rss/articles/CBMia0FVX3lxTE9xc1dBekRjb0dwN0E3UzJKaV91WDl1RlZRVUF4aWhuQ3FxOHIwdnZmRG1zTXVNRDljenkxazcwTkhMOWdnNGFlNV82U2IwWW5maG1rWWRFanB3bHhGaWdVUUlBTnpKZmpHTnh30gFvQVVfeXFMTWdkeFROUmRtVG9STGc1MzNCSGx2RFNTbzRkX3VqVnItMzRBdVlsQTFOUWlhSG1DcXdqMHFDb1BlMXFpeF9MWXdvMzZYc0duUnUwTklqbzNDQjFtVVUtNXo1NHUycUhscUtpekt6c2FN?oc=5,google_news_it_rss,IT,"대구, ‘국민행복 IT 경진대회 지역예선’ 시상식 - 서울일보","대구, ‘국민행복 IT 경진대회 지역예선’ 시상식 서울일보",2026-08-13,,0,2026-08-13 10:13:26
https://news.google.com/rss/articles/CBMia0FVX3lxTFBEak9sMjZzc2FJVFB3MmY4ZmJ4T2l5VmlrTlQtcWh5dEN3NnVVU1pHVzlRZUFDMVcteVlfV0hzNG43aGdReEl0a1IxXzVxTFlqWG9JVWRsQ0VkMGxGUzVwd241TzN2Um85RE00?oc=5,google_news_it_rss,IT,"[포토뉴스]배경훈 부총리, '강원 AX 대전환 착수보고회' 참석 - news.bbsi.co.kr","[포토뉴스]배경훈 부총리, '강원 AX 대전환 착수보고회' 참석 news.bbsi.co.kr",2026-08-13,,0,2026-08-13 10:13:26
https://news.google.com/rss/articles/CBMia0FVX3lxTFBOQ1ZsOUNuLXNmYzRmdVpodUV5SWJlU3l2eGpNVkpISXR1b1N4YkVLcGRNN010Yjk2QkJGNTFzbG9vZmtYWV9YUmFLSUZleThQUEpCRXY0eVl6dml2OG5ISkd3NFE0SEZIMS1B?oc=5,google_news_it_rss,IT,"카카오, 광복절 맞아 '독도를 기억해' 캠페인 진행 - news.bbsi.co.kr","카카오, 광복절 맞아 '독도를 기억해' 캠페인 진행 news.bbsi.co.kr",2026-08-13,,0,2026-08-13 10:13:26
https://news.google.com/rss/articles/CBMia0FVX3lxTFBUWTBkUlFMNkFpQWxyaWxZQWJUWERkMUJXWld6RHUwZ0xSZ3pqbzJZdVRSU25TM1hZUzhLaWhlQmxpRVQtUEFZODZEdWRScVpVNGk3RnozSXlLRE11Q1paaDR5TWxJVVljeGpv0gFvQVVfeXFMUGJaUmdTUFg1dFd2SlJVZjdyRzhNS0JDMFBHallybTZNQkJ2U2s4MEJDOGVLcHJlOHJWYzRpVEwxekdWX1Q1clV1TFJqcUNOcEk4WjVNdHpIR0pGYUREM09yVVE1YUlOX0hhQUk2WnE0?oc=5,google_news_it_rss,IT,"KB국민은행, ‘KB-Bridge’ 네트워크 캠프 성료 - 서울일보","KB국민은행, ‘KB-Bridge’ 네트워크 캠프 성료 서울일보",2026-08-13,,0,2026-08-13 10:13:26
https://news.google.com/rss/articles/CBMia0FVX3lxTFBvalJIZ0pyNkl4Z0J2YkVwNmp0LU9ON2M5VkItT0ZmYXEwcVFiUUNJQjc3TDl5dHJ0QzRpMkpjM053eXpfX18wWTRuZV9WdkxNQUtZOVZZYVJ1QzBpYlBCaUc0amVmb00xR0Vn?oc=5,google_news_it_rss,IT,"대구시, '2026 국민행복 IT 경진대회' 지역예선 시상식 개최 - news.bbsi.co.kr","대구시, '2026 국민행복 IT 경진대회' 지역예선 시상식 개최 news.bbsi.co.kr",2026-08-13,,0,2026-08-13 10:13:26
https://news.google.com/rss/articles/CBMiaEFVX3lxTE55Vlo5M2hUVlFUVzJHb1ppc2QzZnQ3WktwWDhUN2pKWHhnVUV1V01fUTR1VnNwdnpHTG1EQkhBeGpsS3ZaVWpsWFREekZIVkd4NTVSRTNkM3UxTl9BYUFmb1diSWxqcWNO0gFsQVVfeXFMT2xNeGJtaW9LcDFJbEtTb0hPRERVZjRhYk9ibFlpdmVibWdIY0YtcGZfNWRSVTM4dmxuSTJJeVFUcmsyQzZ1Z3UyekFVV01BV0hkNjFnbW5rZ0lFd01ldHhFOVUwYS0wWV83M0ZY?oc=5,google_news_it_rss,IT,"파수AI, 2Q 영업익 흑자전환…'솔루션 성장' 효과 - 블로터","파수AI, 2Q 영업익 흑자전환…'솔루션 성장' 효과 블로터",2026-08-13,,0,2026-08-13 10:13:26
https://news.google.com/rss/articles/CBMiaEFVX3lxTE5GLUJicXVUeFkzdGI0UUNqUlNjX0N0bFhJaDZBZXloXzJxR0VSMXRlN1JxRy1pbjdXNjB3V3pDVnF1bEg5Y1NMQW5rVUhIX2NXNExfNE4xdDZZWWszSHdwVnYybU1DaVRq0gFsQVVfeXFMUFF6MEVOVUstOE5lc3NfTkxaOFctLVlFbm1XU0VvMjZpcmEtUkswTXZoQ3gxT1VrQUF4UGZVM0x2VmttdnNtMEp0NWxBaEE0YWtldmVOS290QlZlRkJ4T1h4NThyR21hMXE0d1pf?oc=5,google_news_it_rss,IT,"넵튠, 상장 후 첫 자사주 소각…발행주식 2.31% 줄인다 - 블로터","넵튠, 상장 후 첫 자사주 소각…발행주식 2.31% 줄인다 블로터",2026-08-13,,0,2026-08-13 10:13:26
https://news.google.com/rss/articles/CBMiaEFVX3lxTE9HTTVUSk0tenBPZkd1UTk2SEptN3FhVE5PYmJaSTlGTFlWckRFbjZfU2I2TzhzZ0RQU3BNeFZ5MkE5Znhxb2tRMF9zejAtOUVSSEdyMG9DUURKU2V5OENVN3Zzbl9GbWIx0gFsQVVfeXFMT04walhWN09raGFoMlZhNDJFSUYtTU9wSmpuT2ZzTjgyTnVCYXQ1UXJsNUxIbHlKS3MwbjJWRHI0d2NzNzBlREdwOXcwU0IwU052ZmRaQmNueV9qbmJPeG5VYWo5OU5JNFNNclk3?oc=5,google_news_it_rss,IT,"[가비아 M&A] 또 등장한 외국계…검슈, 5.69% 사들이며 4대주주 - 블로터","[가비아 M&A] 또 등장한 외국계…검슈, 5.69% 사들이며 4대주주 블로터",2026-08-13,,0,2026-08-13 10:13:26
https://news.google.com/rss/articles/CBMiaEFVX3lxTE9ranRqV0V0UnR6aEowNVBiNU83QWNqS0JET3F6ejdqNEdIMGhvaFpaM2JIeEM3N2Y4Z05FM0Jidm0xcjlxUktqbXJqRkhVYXJhbjFYUFlCZ0hmZXFJMzliTml5SWNZc1FU0gFsQVVfeXFMT2FSVlVnSlFvTEdFbUZXb1UtdzByMGxrUk8wZnotcVRveHh1MUFNenRTUjBKT2JuQUw4YUdXUXQ5aG4zUkxvaERVd2RlQTd1SHd3VmxaeXNKVm1TNTl4YVFyT1dQNDBnQUJSZzNI?oc=5,google_news_it_rss,IT,"아이티센엔텍, 2Q 영업익 5.7배 늘어…원가통제 통했다 - 블로터","아이티센엔텍, 2Q 영업익 5.7배 늘어…원가통제 통했다 블로터",2026-08-13,,0,2026-08-13 10:13:26
https://news.google.com/rss/articles/CBMiaEFVX3lxTFA3b210LW1ya01PQTh4TGZlMGxnNUdmWktqaUR1cVdNb2gyYksyZWhmYVBNTG8wUzhoU2xEYjR5UHY4TU96a0p0eHFjeWZlTXNZNnd6Snp0SEI4ZEVoRG1iOUx2UVg3U05S0gFsQVVfeXFMTXJZNmYwdy1IczE4U2JGUnM0MXJvZGdlQW9PUFJ5MElZbUZuY1R3TUhYb3ZnaVdrbHlCUWloUk92d3ZhV3c2bmZTQzZLYmZlcmI1VHpyT2JJOW9Sd3Y1R2tlMHY2RlF6dXMwbWV4?oc=5,google_news_it_rss,IT,TV 방송 광고 확대된다…OTT와의 비대칭 완화될까 - 블로터,TV 방송 광고 확대된다…OTT와의 비대칭 완화될까 블로터,2026-08-13,,0,2026-08-13 10:13:26
https://news.google.com/rss/articles/CBMiaEFVX3lxTFBGRnJUejhGUVVXdU5MTDZnbkl1QzRiSnowTWRpSGNLYU9aVHBoSkZzVkQ0VEdyMzc2YW15Ynkyc1ROU1ptaks2bEo4TmJvQmJoaUllcjI4WW85QmVRQ3VFTXUxMXN5M0V30gFsQVVfeXFMT2dDWkQyaXAzaFFFd29kVkdpdjlZODVPd0ZuellVUjlZSzhCZTNyb01pNi1rWExFRnVmbm1Jdm0tZGNDSFhvZDRWaWRtYU92X1RnZUZYM00tVkdVbmE2ZlFBR2NnMFF2c0ZQcEpv?oc=5,google_news_it_rss,IT,출품사 의존 낮춘다…AI·웹툰·모빌리티 품은 지스타 2026 [현장+] - 블로터,출품사 의존 낮춘다…AI·웹툰·모빌리티 품은 지스타 2026 [현장+] 블로터,2026-08-13,,0,2026-08-13 10:13:26
https://news.google.com/rss/articles/CBMiaEFVX3lxTFBMM1FHbW1lX3JnVXMxMEU5YTNWTGhLcUVtOF9PMXRrVC03OGo0UHBkNno1V1JxcEFxcGF0M1VvZGwyTThQSWFJR09xSFJsQ2JXNVFsek9BaW9jeXd5YTRNQUl0UDFqSDF1?oc=5,google_news_it_rss,IT,"한솔PNS, 제조IT 솔루션 저작권 등록·특허 출원 - 뉴스포스트","한솔PNS, 제조IT 솔루션 저작권 등록·특허 출원 뉴스포스트",2026-08-13,,0,2026-08-13 10:13:26
https://news.google.com/rss/articles/CBMiakFVX3lxTE1VVkJ3SExSMk93WGZjMHlLTVRjeHdUdUtTNVpLQ2FKR1FaQmtaTHZiWHpHVlpoOUFDTWxORDRKZk9RT3VKSDRtbzY4U0NNQnM3cXlnS3lxc1o5MUZBb08yRGgta0IxZGFGTmc?oc=5,google_news_it_rss,IT,"KT, '충청 유니버시아드' 공식 후원…통신·IT 인프라 전담 - 포인트경제","KT, '충청 유니버시아드' 공식 후원…통신·IT 인프라 전담 포인트경제",2026-08-13,,0,2026-08-13 10:13:26
https://news.google.com/rss/articles/CBMiakFVX3lxTE1XUXdWUF9iaEt1TWpfdHZITVFLUC1vN3JFaFRCUEdrTGlBT0EtSVR0ODZkXzQxNXBkdVRsdy1YNXJRVHVQajB3dTZoSmZUYkJIZVdsSWUzT3VvbnhyZ3YxOXg0VklVRDItbmc?oc=5,google_news_it_rss,IT,"남구, 청년 IT 자격증 취득 지원 프로그램 운영 - 코리아타임뉴스","남구, 청년 IT 자격증 취득 지원 프로그램 운영 코리아타임뉴스",2026-08-13,,0,2026-08-13 10:13:26
https://news.google.com/rss/articles/CBMiakFVX3lxTE8zQ3VRNWFwenNuRmwzZEExWGJvTWtUZDZRZmhmWl9mcXk1b3NIcDUwaUZEQmJ4QWczWDJONmVZTkdjRkdFT1lVdVU3LUMtbzhCODlienZ6blJraExpODJ3SUp4NkRCbEtwanc?oc=5,google_news_it_rss,IT,"[심층분석] 한솔PNS, 제조IT 7종 저작권 확보…‘AI 아틀라스’ 특허로 제조 AX 지식재산 경쟁력 강화 - 뉴스밸류","[심층분석] 한솔PNS, 제조IT 7종 저작권 확보…‘AI 아틀라스’ 특허로 제조 AX 지식재산 경쟁력 강화 뉴스밸류",2026-08-13,,0,2026-08-13 10:13:26
https://news.google.com/rss/articles/CBMiakFVX3lxTE9GSW9YM0xtZ0lXTS1yZXU2am9kQWxNenNGQ2o4ODhNWGhtRl8zLVE0eHBwOTRCN2Y3NWFfWG9rMk9aeS1odENiaHJVWWE1UXRydGdpcVJGTFFKS3lfSXpwajNxZ0I5NHI2YUE?oc=5,google_news_it_rss,IT,"국채보상운동기념사업회, AI로 잇는 국채보상운동 대구·고령 순회전 ‘IT:다, 1907’ 열어 - hidomin.com","국채보상운동기념사업회, AI로 잇는 국채보상운동 대구·고령 순회전 ‘IT:다, 1907’ 열어 hidomin.com",2026-08-13,,0,2026-08-13 10:13:26
https://news.google.com/rss/articles/CBMiakFVX3lxTFBtSlZhdHU2UmF5VXRseU1WLThuTDBaQUdSbnFOekpSdHVOQ05odnJMS1FFclZKOU9XUHBKbXNUaUtBaG1DWDJfT2hjTmpuRFdaOGxGVUhRNU1kSmdXODFJZzdoUHViRlN2TXc?oc=5,google_news_it_rss,IT,"옴니사, 포레스터 엔드포인트 관리 플랫폼 ‘리더’ 선정 - 지티티코리아","옴니사, 포레스터 엔드포인트 관리 플랫폼 ‘리더’ 선정 지티티코리아",2026-08-13,,0,2026-08-13 10:13:26
https://news.google.com/rss/articles/CBMiakFVX3lxTFBxUUhEZC1LM2NDdENULV8yWHNDQ3pXZHBLUlZCSm5PZlNhbnp5UDlFOS1QVFJQVXVkMHlxX0Uzb2FNclJRRTU0NTk4LUtaMmFIdUQyY2xJMXd0RnBCZnVfd0FpYWdnalFzZ2c?oc=5,google_news_it_rss,IT,"구글, 온디바이스 AI 기능 강화한 '픽셀11 시리즈 공개 - 서울파이낸스","구글, 온디바이스 AI 기능 강화한 '픽셀11 시리즈 공개 서울파이낸스",2026-08-13,,0,2026-08-13 10:13:26
https://news.google.com/rss/articles/CBMib0FVX3lxTE14U0lRTE5TbE5MWnFHeWFLVURncmVnUmhmaUtrMGZsdHBqRDdreGh2ZnkzUWxVaGhkQ2pPRDdpbjJsYnJneEVlZllKSTdHX2R1bG14UDlyMWNMMzRIWE9YazJOdWJkQmprYnB5dV9xc9IBZkFVX3lxTE5oeC1PNEtRYXkwTFRLbXpVZXcyRkp5UmRFQkJzZW1mRFVtaWZhaWpCSnF6cWNWUFVtdExrMU5KbVg3VzRJWUR5NGlIZmtiY2xRNm9qQnJ1aXNzbG42QVJCRkFYMTk2QQ?oc=5,google_news_it_rss,IT,[SBA x IT동아] 한국시니어연구소 “스마일 시니어는 보호자-사업자 함께 웃는 요양 플랫폼” - 동아일보,[SBA x IT동아] 한국시니어연구소 “스마일 시니어는 보호자-사업자 함께 웃는 요양 플랫폼” 동아일보,2026-08-13,,0,2026-08-13 10:13:26
https://news.google.com/rss/articles/CBMib0FVX3lxTE1PUFZ6QmdfVmNkUldNOUh4WktGNzk0SmJqQmlfUWN5c3dGZFk4SW50Zkh6WVNsaFA0Vm4telZWRm9BdG5jM1BmdnZkNTZFODNmQkExeHBGUl9kWXdON1ZtQzhJNjJWN1J1NmQ2SnlEb9IBc0FVX3lxTE1Sd1pxREd1XzRVWG1oaU1zM2lJSmhJRDZ2ai1jYWE0d1oteExBLVFrNnBJVTJsN3NONmtocjlYSUpPNFhTa2RLcGxhVXFHOTVLbHNscFp2NW5hMEhlRUo2SGk0TmplTjRFNmwyR0hsakFwXzQ?oc=5,google_news_it_rss,IT,[IT라운지] 캐시딜 '웰니스 거래 급증'·미브 'K-팝 스타일 한일 출시'·SDT 'OQD 합류'·메이크샵-스마트로 '제휴'·모비위드 '티머니GO 애드서버'·보이스루 '포스트림 출시'·여기어때-행안부 'MOU' - 뉴스웍스,[IT라운지] 캐시딜 '웰니스 거래 급증'·미브 'K-팝 스타일 한일 출시'·SDT 'OQD 합류'·메이크샵-스마트로 '제휴'·모비위드 '티머니GO 애드서버'·보이스루 '포스트림 출시'·여기어때-행안부 'MOU' 뉴스웍스,2026-08-13,,0,2026-08-13 10:13:26
https://news.google.com/rss/articles/CBMib0FVX3lxTE1pWk51ZUZLUUxGMFM2LUJiZ0JvU0RyNDFZMUlESDJqZGc0YlVtU25fVUQtY3podTd6Wnc4a21lT0k5ZUlfWl9CSVBjNm9zLTlHWFhNTGxJbWNZNHRkc0dBa2Z1bk5RWkFMVVhyUU1qSQ?oc=5,google_news_it_rss,IT,AI 콘텐츠 ‘출처 표시’ 본격화...AI 생성물 표시 동향은? - ekoreanews.co.kr,AI 콘텐츠 ‘출처 표시’ 본격화...AI 생성물 표시 동향은? ekoreanews.co.kr,2026-08-13,,0,2026-08-13 10:13:26
https://news.google.com/rss/articles/CBMib0FVX3lxTE45Skhxek83TDVMako1Mld5Y1RVM1Q1T2xVZms3NU9ldnBMd2dDYVF1TVBFRFBrQTVNby0wUTI3QWVfTVdYN3VzWTVLSVZ1LWx4WDhOd3YtSEtuRlVBaDNqaGFNV0hxd1lIVmRjWEJOOA?oc=5,google_news_it_rss,IT,"한솔PNS, 제조IT 솔루션 7종 저작권 등록…제조 AX 기술 경쟁력 강화 - 이코노미사이언스","한솔PNS, 제조IT 솔루션 7종 저작권 등록…제조 AX 기술 경쟁력 강화 이코노미사이언스",2026-08-13,,0,2026-08-13 10:13:26
https://news.google.com/rss/articles/CBMib0FVX3lxTE4xSjRNV29xLVJNSURqTmxzMDZfa3A2ZkhLQmE5Q1dONlc0RlRId1VOUkhRdURLeVJJSDNNU2J6N1l6Uk03Z2NXanVnem5hWU5qSHVzcTZ5MmJrcl9PdGpMcWVYbjFZRlRjV1pYVTU2MNIBc0FVX3lxTE1aWU9tNzZIV042NXc0OG5TS3VDRGxjZ1N1Ynd5Q3hSbE1ZWjE5ZUVLT2d5WDhyR1RMZlNiZEVlUDB0NFV1RUJaQm9rMlFEaVFiN3ZZQjZ6RmQ2Z1BubTJPWmEwbWZkbnlQQU5HRjBqSFExbXc?oc=5,google_news_it_rss,IT,"막 오르는 ‘도깨비의세계’…카카오게임즈, 첫 광고 영상 공개 - 뉴스퀘스트","막 오르는 ‘도깨비의세계’…카카오게임즈, 첫 광고 영상 공개 뉴스퀘스트",2026-08-13,,0,2026-08-13 10:13:26
https://news.google.com/rss/articles/CBMib0FVX3lxTE5ITGpNZ3ltbk1rRldkZk1ON1E3NEVCdDVGVVRCam9RNEdvWE5qUS1BaVVIWFpwd3JudkM1SXh6b09IR3MycW84ci1vaXBPSjZCbWNRclNCak03SXllZXFqdkhMbHd6bHdIeVJHV1RKVdIBc0FVX3lxTE4ySW5MUF9JbzdkOHRnRE5CSEwyNDlKUDRhUEMyeFdnVUNVV043djQzaEEtTXczNW10R0dwZTlxcWVwWDNGVmFfNk5udlpVamdfRjhZSGw1Q1BnVWRHOXVnbUFra1M1QnkzRmdYVEU4RWU5ajA?oc=5,google_news_it_rss,IT,"아이티센글로벌, 상반기 매출 5.5조원…전년比 92% ↑ - 데일리한국","아이티센글로벌, 상반기 매출 5.5조원…전년比 92% ↑ 데일리한국",2026-08-13,,0,2026-08-13 10:13:26
https://news.google.com/rss/articles/CBMib0FVX3lxTE5jbGF2Q3lOWXUtU3AwWU9uTzFKcVMyd3FrazdkY0ItVUNXVUVwR2E4eTNRSnlvampTVTVXa3lTa0FKUlNGa3BEY0REZlZ3OS1YckZ2c0YwMFBGbWpYOUZCeTBWbVN0dVVubHk3U3VjSdIBc0FVX3lxTFAxdkVyQnFIU1NCWXVvdFphTE1jN2IyWkNBckJnbl94MDdOVVhONVp5WU5lay1rVTNzMllSeE5lQUhFR2dkUkpuSFQzeGFPVUthOUxmZTZNZENPWWpXUWp2RC00eUpHUWZ0d1I4alMxcWhuUUE?oc=5,google_news_it_rss,IT,"KAIST-삼성중공업, 차세대선박연구센터 개소 - 뉴스웍스","KAIST-삼성중공업, 차세대선박연구센터 개소 뉴스웍스",2026-08-13,,0,2026-08-13 10:13:26
https://news.google.com/rss/articles/CBMib0FVX3lxTE95RmdReGRpSFAxb1M2SXo3ckw3RHgtQjA1RlcxeHdBX2JDZUJpMkQxSVVLdDNfbVlBMXVkY1I4SEpDS2ZySmVGVTJaV3RfTGQzRW04aFl5VmQ1bEFNTWw5LWowbHlDMWgxcGRTMkFvMNIBc0FVX3lxTE9MazlNeXZZbXFhdF91Mm5yRGpqRV9NMFozUllYRFJnRjhaU0FadlpLTWQyTWFBVGNkR0doeERIbF9YZHZNVkIwd0xlMExOWVRpUFUzRmtZamRhRHBUYTU0Nzd2eVU3Nmo4c1R2VExTTGZaUzg?oc=5,google_news_it_rss,IT,"한솔PNS, 자체 개발 제조IT 솔루션 7종 저작권 등록 - 데일리한국","한솔PNS, 자체 개발 제조IT 솔루션 7종 저작권 등록 데일리한국",2026-08-13,,0,2026-08-13 10:13:26
https://news.google.com/rss/articles/CBMib0FVX3lxTE9Da0RsTWFPNkN1ejBKOWVfUHFVY3RINWhqRzZaSGMwenBtbFRyNF9uaUdtb1JydUFqUU90ZVJvNDd4b0p1R2RnaDh6Zjd1b2JrNHg3RGprTkpWVFVtdl9RVUtpWV9VQUhfVENnY3VUa9IBc0FVX3lxTE1rakNCSkFCaGRBZ1JadGVWTlBTaVBWMFNxX19PRmtaQVZfVFVtMVl4b2dvalNFcms0UlJWV3QzaDE2a19ieFBwZ1ZlTkJ1TFM4ajF2WFlfZHlrTTlzLU1QYmlYQ2VrU2kxUF9DVDB5aU5FOWM?oc=5,google_news_it_rss,IT,[IT라운지] 햇살그린조합 '3190억 모집 '·틱톡 '뮤직온 스테이지 참가자 모집'·앨리비 '한글에 공급'·마스오토 'AME 참가'·판탈라사 '네이버서 투자 유치'·'카카오비즈 멤버십' 제휴 추가·모픽 워크플로 '아이젠버그 뮤비 활용' - 뉴스웍스,[IT라운지] 햇살그린조합 '3190억 모집 '·틱톡 '뮤직온 스테이지 참가자 모집'·앨리비 '한글에 공급'·마스오토 'AME 참가'·판탈라사 '네이버서 투자 유치'·'카카오비즈 멤버십' 제휴 추가·모픽 워크플로 '아이젠버그 뮤비 활용' 뉴스웍스,2026-08-13,,0,2026-08-13 10:13:26
https://news.google.com/rss/articles/CBMib0FVX3lxTE9Ea25LdVR4MjQ0cGlVeGdpSFk0b1ByYzd6clBPTDhvejVwMExTaGw2eTFYM053UGZBNVhMcWl5WFlSdi1tdkJMT1NrUF81dHhZUi1NSldNdC0wbFhhZUd5RmZTUHlYSDVOQlh3dWxDUQ?oc=5,google_news_it_rss,IT,정부 업무망에 들어오는 민간 AI…공공 IT 시장도 SaaS로 확대 - 피플투데이,정부 업무망에 들어오는 민간 AI…공공 IT 시장도 SaaS로 확대 피플투데이,2026-08-13,,0,2026-08-13 10:13:26
https://news.google.com/rss/articles/CBMib0FVX3lxTE9kUUNOekpqNmFkX1ZJSEhaV09qYURtZ2drSFQ5eFNKY3JSbkhtRmRoRTZLTWx1RW8xbEd3bnU3cS1xQjBKem14cGJNQUJ4UTNuSi1fdzZLT1FhMmk5RHQ4aloxeDdpbjlWUkJYaEotNNIBc0FVX3lxTFByZVdDQVVqMW80ZlptSHNUbWNMSXBORG5Bdk5zdWJobURKR29XNG95LXBabGJjTmFCZHAwRGx3RjZaY0pxOC1HbG55THBsWE00NFRYMWNGRTVBcXpqSzk1Tlgta2R6eWxZMzdpQjFTcENGOTg?oc=5,google_news_it_rss,IT,연구자산 해외유출 막는다…대학별 전담 조직·인력 배치 - 뉴스웍스,연구자산 해외유출 막는다…대학별 전담 조직·인력 배치 뉴스웍스,2026-08-13,,0,2026-08-13 10:13:26
https://news.google.com/rss/articles/CBMib0FVX3lxTFBjMnpMS3VCYTRqd1NnRmtnZTFpbnpGcWROb2FpRFlnWk1wNmkzRnAtNXNOaEdNWGZndE1HdkdPVjFVMGo2NGpRVmgxZ0ZMY0I4RzNpVUdzWFVBU2tlbkI5Q2VvN29TWE9rZGNocGxGcw?oc=5,google_news_it_rss,IT,"경민IT고 의료데이터과, AI·SW 미래 역량 입증 의정부교육청, 2026 WRO 한국대회 로보미션 고등부 입상 - auto-today.co.kr","경민IT고 의료데이터과, AI·SW 미래 역량 입증 의정부교육청, 2026 WRO 한국대회 로보미션 고등부 입상 auto-today.co.kr",2026-08-13,,0,2026-08-13 10:13:26
https://news.google.com/rss/articles/CBMibEFVX3lxTE16UUZsdjNmNlJfUG5vWnFsUFBHY2ZxTkFMWjJKcjE1Zmp2dlFtMEkxOE03ZzhVUVRxemhnbHFqaHZmdEVfRHVLejFwRjBxX1dHNVlvSHdKQzJaRnFDd1RaUDlxdDhMbG5DeldnaA?oc=5,google_news_it_rss,IT,"아이티센엔텍, 상반기 영업익 1562% 폭등... 수익성 날개 달았다 - 뉴스락","아이티센엔텍, 상반기 영업익 1562% 폭등... 수익성 날개 달았다 뉴스락",2026-08-13,,0,2026-08-13 10:13:26
https://news.google.com/rss/articles/CBMibEFVX3lxTE1qRG1DS29oLWhmWUxmR1pMc28tdTVoYmRMR1FTdU1MYThSbHRmUjVMaVljaG9zWnNfVEQzSVZJcVg3cmFXRlBaWHR5VkNFVVpwTUd5S1B3TnBJNG9ROTM0VTJTeDBOSkNqODFoRA?oc=5,google_news_it_rss,IT,‘AI 아키텍처 대전환’ 시대 도래…AI 확산으로 기존 IT인프라 한계성 노출 - IT비즈뉴스,‘AI 아키텍처 대전환’ 시대 도래…AI 확산으로 기존 IT인프라 한계성 노출 IT비즈뉴스,2026-08-13,,0,2026-08-13 10:13:26
https://news.google.com/rss/articles/CBMibEFVX3lxTE4tTWtVSmoyQmFWZ3hxR05SemNZZVhpNHlqU3d4am9ldnRkYWttNVdZM1ZtRHhVVnNGaFNISW5yRGtNc29fTzR3eHVJZlBfZW15WFdkcG5xN3JYN2h6RC11emRZQURodTJYU3JJMg?oc=5,google_news_it_rss,IT,실적 부담 요소 걷어낸 KT…'AX'로 체질 개선 속도 - 굿모닝경제,실적 부담 요소 걷어낸 KT…'AX'로 체질 개선 속도 굿모닝경제,2026-08-13,,0,2026-08-13 10:13:26
https://news.google.com/rss/articles/CBMibEFVX3lxTE8tZTRUR2NkT2dRQVNVZnhPM0h6V1lUa2pDb1d2cVN4SktjclR1LUllRlJ1RWttZDVXRkQxaWxfZjI5OTY2Wi1IbU8yZWt2bXJmSTdIRDg2WFBMRTh3OS1PdFVRX1VaVGwyLWJNNQ?oc=5,google_news_it_rss,IT,"위메이드, 2분기 영업손실 210억원…하반기 신작으로 반등 나서나 - 굿모닝경제","위메이드, 2분기 영업손실 210억원…하반기 신작으로 반등 나서나 굿모닝경제",2026-08-13,,0,2026-08-13 10:13:26
https://news.google.com/rss/articles/CBMibEFVX3lxTE9XWXZzOTJSbkJjT19Ra3BKX2NQNTQtbml4dEloaUlzTGxKZGpfcGI5bV83UjVhRkh5ZGpZVGxWMzF6YlRldWZzWEYzc2h2eTRUZlR4YnR5a0JNOGhUVEJiUEllWXVzNERORlZxWQ?oc=5,google_news_it_rss,IT,"K-메디컬 임상 역량, '기술·투자·사업화 생태계' 구축 시동건다 - 매경헬스","K-메디컬 임상 역량, '기술·투자·사업화 생태계' 구축 시동건다 매경헬스",2026-08-13,,0,2026-08-13 10:13:26
https://news.google.com/rss/articles/CBMibEFVX3lxTFBWVkVhYktMSXZqQUVFbmwtT0U0SEVJcUZ6bkhqSU52TUVwYnhXdHByRld1QTNlZVAxOFFXc2dhSlQxSk9ibS1FbS1Qb1hFY0NodGU2STBqczhWdmw3ZVktNlZLNEt2RnNfaDE5OA?oc=5,google_news_it_rss,IT,"덴티움, 행동주의펀드 법정 공방 리스크 선방 - 매경헬스","덴티움, 행동주의펀드 법정 공방 리스크 선방 매경헬스",2026-08-13,,0,2026-08-13 10:13:26
https://news.google.com/rss/articles/CBMibEFVX3lxTFBwOTh3LU1DQkxDQ1ZWYldTcW9oVUR4Y0RtdUVVcFpxTEcwR1RsM1VQb24zME5uSTF5dDlhOHEzS1lRYkFlcEpEeDlPSlJuM0VBSWs3WEt3N1Q2OHFaZ001cjZGUDBhRmY1SHZDcNIBckFVX3lxTE44bE1Kazl4S2M0MEo1SzNSR1I2U0F6cTZmb0Rhb3NsbENTU2o4RkZaT1VxNE9RcnZtRVpYQXRHaUFhQVg3TVRFbXNwaVBua1BGem0tbkR1TTVjQWo1MUg4VUNXRkZmVFlWV19jY21fMFZ2QQ?oc=5,google_news_it_rss,IT,"미래인테크놀러지, 2년 연속 'Good-IT Service Award' 수상 - 머니투데이 - 머니투데이","미래인테크놀러지, 2년 연속 'Good-IT Service Award' 수상 - 머니투데이 머니투데이",2026-08-13,,0,2026-08-13 10:13:26
https://news.google.com/rss/articles/CBMibEFVX3lxTFBwY3p0aHZ5Z2NSZ29oVVFTaXB2eWdNMWZmcm5nb3NVSUdYQndTYUo1WW9nVXVDcGRyUWp2bGE0V2NieE5QeGJCaDIybU5zVUg5ajEwZ0pVdlY5UEdwTzBJNVZkNFl5aDk1Y3dHOA?oc=5,google_news_it_rss,IT,"인공지능과 웹툰, 모빌리티···지스타 2026, 외연 넓힌다 - 스마트비즈","인공지능과 웹툰, 모빌리티···지스타 2026, 외연 넓힌다 스마트비즈",2026-08-13,,0,2026-08-13 10:13:26
https://news.google.com/rss/articles/CBMibkFVX3lxTE5rM0ZGcURKdHVyZzIwSG5aT1gxVk9ydkp1d3JXeUZLRGlUV1dZcUpDV1I5UTh1bGFWUTJhTGxxdGtkOVFUbDFNbVRDYU5FSHNYQy1YaGxyOS1RT3FIck5SVzFSYU4wVzRLOUJYNDhn?oc=5,google_news_it_rss,IT,"KAIST–삼성중공업, 미래 조선해양 기술 확보 '맞손' - cctoday.co.kr","KAIST–삼성중공업, 미래 조선해양 기술 확보 '맞손' cctoday.co.kr",2026-08-13,,0,2026-08-13 10:13:26
https://news.google.com/rss/articles/CBMibkFVX3lxTE9VWmxleFJDRXk3aERSMk9xMDk3S2liLUNOa2tZSUZvZEppUUdoeTI1OWZNanJ5UV9nREFPOXNwQmVjMk1RZ1ZZOUphalFrTUVsNFNKb0RBSHlUcWotc3NxYXZwdm5UeDljRjBJQmJn?oc=5,google_news_it_rss,IT,"경민IT고 학생들, 로봇 대회서 은상·동상 등 다수 입상 - gukjenews.com","경민IT고 학생들, 로봇 대회서 은상·동상 등 다수 입상 gukjenews.com",2026-08-13,,0,2026-08-13 10:13:26
https://news.google.com/rss/articles/CBMibkFVX3lxTFA1R1NsNTh1ZFVhNTN3am1UQjBBSllFbDI5Q29aRzMxQ1lpOVVQcUNDU2ZtTTJvVmVWMWpKVHFiNlp5VllpQW5DYXFQc3Z6c05rZ0s3RTFNc3BsM0NIdTlHRkdfTE1zRFVvNWhzN2lB?oc=5,google_news_it_rss,IT,[위클리오늘] 넥슨 소식(8.13) - 위클리오늘,[위클리오늘] 넥슨 소식(8.13) 위클리오늘,2026-08-13,,0,2026-08-13 10:13:26
https://news.google.com/rss/articles/CBMic0FVX3lxTFBiSko3eHZRNXRfTzhpRFZKVXNsY2RFdnlpaTNya3BUbFlHRWhmTDNhTXlmU3JfLWgxN3BjdlZZTU1WbGVHS0RPOVBwSjU0dXJfMkplZjlrSkVOYWlfeG83cXF4R0k1NWplOExsanZEVzlDS1nSAXdBVV95cUxQc2VFVFI1eFVyNS1BVHRJa19PNmNHQUFjN2p3TjRYQVhCcElnQ2dMYm9jOERPbzhZWGFzMExYX2xsSlRnQWQxczBNdmpTUDJkWUxEaUpFOUpZYzdFUzk3UVh0Zm96LTE2U2pzZzdZeWlZeXlqV2NrRQ?oc=5,google_news_it_rss,IT,"한솔PNS, 제조IT 솔루션 7종 저작권 등록···AI 기술 특허도 출원 - 뉴스프리존","한솔PNS, 제조IT 솔루션 7종 저작권 등록···AI 기술 특허도 출원 뉴스프리존",2026-08-13,,0,2026-08-13 10:13:26
https://news.google.com/rss/articles/CBMicEFVX3lxTE1BaENHY2dIYWFKZ243TF9wTjJQVzQwaXFyWS1nSzVKWnlpcTN4a18wUWoyejIxa29WcUUxclR1VGlpbHlYcHdtNlNYa2tZeDFrVlUtWGxRalRkX0hEQnE2RUJsVm0tZ0ZrLUhvREkwQXc?oc=5,google_news_it_rss,IT,"BNK부산은행, 동남권 방산 벤처에 100억원 투자 - Korea IT Times","BNK부산은행, 동남권 방산 벤처에 100억원 투자 Korea IT Times",2026-08-13,,0,2026-08-13 10:13:26
https://news.google.com/rss/articles/CBMicEFVX3lxTE1CU2V5UC0zSndvZ0RDc2Z0VUZ3alE0RThOR0F1a3NjNGdJa0tVU3lRQWZfLXMzY045eVpubC1YeWpsbUhocDE1YkFSRVA5aGNWa0xyN2FnTzRGbEVlWlo2bkw2SlROc0NlcFp0akRFbmQ?oc=5,google_news_it_rss,IT,"네이버, 미국 '파도 발전' AI 기업에 투자 - koreareport.co.kr","네이버, 미국 '파도 발전' AI 기업에 투자 koreareport.co.kr",2026-08-13,,0,2026-08-13 10:13:26
https://news.google.com/rss/articles/CBMicEFVX3lxTE1jVWNHTDZHbTZGc3RuV3dTWWZpbzRLSWxqTEZHR2VkZmV0WHVfWGx1SlJ6em5qNDJmZWNFNDJYRl92UERNcml5aUNEY0V2bFdRalRVZ0czVVJYR0pBeDd0RTBnS3lhbUJqOUhBbHc0MUzSAXRBVV95cUxPOWNpNno0WnpNM1hISDl4UUpnNW9Rdko0QldMbDRHdUp3MWdpMGMtMDBOdEowaUVRWjFlWTRwOHNFSnR0TWRuUEdDN25fX3hsbkFWNEJwS0ZpU0g5WmlQdDhSYnV6S09yem1qUndyN0ptaUlCaw?oc=5,google_news_it_rss,IT,"아이티센글로벌, 상반기 매출 5.6조… 금 거래·IT서비스 성장 - IT조선","아이티센글로벌, 상반기 매출 5.6조… 금 거래·IT서비스 성장 IT조선",2026-08-13,,0,2026-08-13 10:13:26
https://news.google.com/rss/articles/CBMicEFVX3lxTE1zNzVCeU4tVVVQcUZ4bWllYmF2MjFOelpDTTBrSm5RR0pPVjRfREVWMGRaemozLVRNV3p2OUp5R0N3blBfUnYtdzBPR0hob0U5dkw1dDJZdndtTXhxa3ZkMWM1TkxhM3Baa2V0cVp4Y2zSAXRBVV95cUxNV19mcHdmbm50c3NIWklIUjFUcjd3NXRXTE1UZkNRUDRxOVphOHZwQWlxcUh2ZFlsdURDVER3aUFBVlItX1Vmb1J5WHVVYTRweUZjRzBqc2g0NGc4QjFyT3ZPQnFyMjk0Zl9Tc3FVOUlWLVo0WA?oc=5,google_news_it_rss,IT,"네이버, AI 데이터센터 개발 기업 판탈라사에 투자 - weekly.hankooki.com","네이버, AI 데이터센터 개발 기업 판탈라사에 투자 weekly.hankooki.com",2026-08-13,,0,2026-08-13 10:13:26
https://news.google.com/rss/articles/CBMicEFVX3lxTE5LV0NIdXJQR3JmMjNJbm1McEVBZ0NwYXc5YTNJMTlhRTNzY28wU3R0Z09uV1dwVGNxbWVaOEVNN1dyNFlGWXBYWkpKaFo5WmwxY09Zdk5NdmtaWUxhMHg5NFZwVVlCNzNfZDFsR1ducUw?oc=5,google_news_it_rss,IT,"한동대, 인도네시아 대학생과 IT 창업 도전…‘디자인 스프린트 캠프’ 성료 > 뉴스 - thekorea.kr","한동대, 인도네시아 대학생과 IT 창업 도전…‘디자인 스프린트 캠프’ 성료 > 뉴스 thekorea.kr",2026-08-13,,0,2026-08-13 10:13:26
https://news.google.com/rss/articles/CBMicEFVX3lxTE5OMUxNVXJmc3NxdXR5c1VIZUNoUWVPd0MtM1VMY0N0eU0xQ24xMi1sWElEd01ad2sxbWJEbTZ0NXcyakpyR0NNdFZKX0txcUstSE91SnNBblkyMWpaMDM5eWRqOGZQNlZzemE4Y21laWo?oc=5,google_news_it_rss,IT,'고체전해질 기업' 솔리비스 230억 투자유치 - koreareport.co.kr,'고체전해질 기업' 솔리비스 230억 투자유치 koreareport.co.kr,2026-08-13,,0,2026-08-13 10:13:26
https://news.google.com/rss/articles/CBMicEFVX3lxTE5Vb29LekNDdXZESDlJZGlUcVVRX2x5OVFlOUdUd1J4aWp5RG0teEx1V0tXbGZtUHV4LWZZSW8zb0stTmdlTnpDVVZ3VHZGUnNKS2dEdnpJMGs3eGowOGFhMnVHQVBEZDJ5OUZKQlU5bk7SAXRBVV95cUxQYl9CVGhKcFFGdHVudUFaQjN0cTVoTDRkaUVyT2tPSEFDQWdNbklvRzJqRnp4aUNuR2ptZmlHWm1JTlNKYlpwSDcyNlF2UjdXeXMzeG1BajNEY0hPTXF6TjczMWlnZklLYWZ2MlM1V0RqSVZpcA?oc=5,google_news_it_rss,IT,"국세청, KB국민은행 특별 세무조사 - IT조선","국세청, KB국민은행 특별 세무조사 IT조선",2026-08-13,,0,2026-08-13 10:13:26
https://news.google.com/rss/articles/CBMicEFVX3lxTE5WVmVfZHJwTUR4dlNtQmNHSDVqdnlIcmJkS2djTzZESUs4cGo3ZzVWcHRWNHVlODl6UWNYQ1hKeTJQalBkVklIVU5sX1hQRVFFdG96MDcyNk9MUUd0d3FPdDZsQ3FUVVZOTEV0Y0M1clLSAXRBVV95cUxQYzFieHpGekxFc0NhNW04cXA5SllDSV9CSUVhRDEwWVd6R053X3dUeGdNMzAwcDYzbFUyTmNjX1BXZjNBeVlaWGZjWWVvVzlXOGVzX202Nm1WaThEYjNKM3hyeHVfUk5URmhzLVpNbXliaEpfMQ?oc=5,google_news_it_rss,IT,‘게임사 중심’ 넘어서는 지스타…AI·모빌리티로 외연 확장 - weekly.hankooki.com,‘게임사 중심’ 넘어서는 지스타…AI·모빌리티로 외연 확장 weekly.hankooki.com,2026-08-13,,0,2026-08-13 10:13:26
https://news.google.com/rss/articles/CBMicEFVX3lxTE80aUhCdElhalBuZU45OG9nTkE3Z0hweklHNnRHLUJtemdQaHJGV3Z0SmZWVlU5X0JvZjNEeUhxbmNIOVVnc2s4YXdldkpSSnFsdC1IYlZQSUZFNXJrQzRyeldwRVJYSlQxY3o4UjZDUnI?oc=5,google_news_it_rss,IT,"남구, 청년 IT 자격증 취득 지원을 위한 인공지능 콘텐츠 크리에이터 및 창업 아카데미 운영 > 뉴스 - thekorea.kr","남구, 청년 IT 자격증 취득 지원을 위한 인공지능 콘텐츠 크리에이터 및 창업 아카데미 운영 > 뉴스 thekorea.kr",2026-08-13,,0,2026-08-13 10:13:26
https://news.google.com/rss/articles/CBMicEFVX3lxTE9ZUC14bTV4cjhZRHZFcV9qTXNWcHRmNUVXTkRRV1dEZ2tpWElCUFRrQ202SVhYbDZOOHRaSkZDeUxDQlhhc3JPM3FMZDljUzhOUmpaYU95M3VyV0hGd1B4YUpEWjdPZEtGUnpCbkZzdWE?oc=5,google_news_it_rss,IT,"KT&G, ‘릴’ 10년 혁신 담은 브랜드 전시관 개관 - Korea IT Times","KT&G, ‘릴’ 10년 혁신 담은 브랜드 전시관 개관 Korea IT Times",2026-08-13,,0,2026-08-13 10:13:26
https://news.google.com/rss/articles/CBMicEFVX3lxTE9wVV83aFh5aEFlM29uaXVNZVJaRzExeGFDZ1lFM1YxT0N5alkzbVZzZEVBTVBjSlJEQVdweE10aDVvMnZNU0hObmluUDc5OHFnTy14ZWhoYkRjUmp1U2liM2pEYURUQVg4dVBKSFdYZng?oc=5,google_news_it_rss,IT,"Hyundai Rotem, KAI Join Forces on KF-21 Weapons - Korea IT Times","Hyundai Rotem, KAI Join Forces on KF-21 Weapons Korea IT Times",2026-08-13,,0,2026-08-13 10:13:26
https://news.google.com/rss/articles/CBMickFVX3lxTE44bE1Kazl4S2M0MEo1SzNSR1I2U0F6cTZmb0Rhb3NsbENTU2o4RkZaT1VxNE9RcnZtRVpYQXRHaUFhQVg3TVRFbXNwaVBua1BGem0tbkR1TTVjQWo1MUg4VUNXRkZmVFlWV19jY21fMFZ2QdIBckFVX3lxTE44bE1Kazl4S2M0MEo1SzNSR1I2U0F6cTZmb0Rhb3NsbENTU2o4RkZaT1VxNE9RcnZtRVpYQXRHaUFhQVg3TVRFbXNwaVBua1BGem0tbkR1TTVjQWo1MUg4VUNXRkZmVFlWV19jY21fMFZ2QQ?oc=5,google_news_it_rss,IT,"미래인테크놀러지, 2년 연속 'Good-IT Service Award' 수상 - 머니투데이 - 머니투데이","미래인테크놀러지, 2년 연속 'Good-IT Service Award' 수상 - 머니투데이 머니투데이",2026-08-13,,0,2026-08-13 10:13:26
https://news.google.com/rss/articles/CBMickFVX3lxTE9jaGpLTkdvczlFS0dFam1JUHc1Sm1rdWlqZjJicXFzRFBDQ2hiSmdYeWZwbVlyT3c3R0UzNFhEampLYm82YldrQ2VtZWtzLUVkNngyUzllYm1vYmQzZnZRdVRlU3VJUW1XMzRqZms3My1NZw?oc=5,google_news_it_rss,IT,"한동대, 인도네시아서 IT 창업 디자인 스프린트 캠프 - 웹이코노미","한동대, 인도네시아서 IT 창업 디자인 스프린트 캠프 웹이코노미",2026-08-13,,0,2026-08-13 10:13:26
https://news.google.com/rss/articles/CBMidEFVX3lxTFB2Tm1EOUxhRE9ydloxMXg4WkNONENSUHBreVFsVWlqajQxV2lOSURvZk11c3ctU1R4Z2V1SGNfVnhfV1VaeDFNNVBqc0IyNDZTMjR5d20ySVlIYUpsdHA5THMxMTVKRkcybzJtZjAwb2ZSc05m?oc=5,google_news_it_rss,IT,"한솔PNS, 제조IT 솔루션 7종 저작권 등록… AI 핵심기술 특허도 출원 - 파이낸셜리뷰","한솔PNS, 제조IT 솔루션 7종 저작권 등록… AI 핵심기술 특허도 출원 파이낸셜리뷰",2026-08-13,,0,2026-08-13 10:13:26
https://news.google.com/rss/articles/CBMiiwFBVV95cUxQbF8tOUhJcUFUNHlSNXBsZkNhZGVPbWxGa0dUbmI3SFFITUVLX1NBeDcxNFF4ZFFqcFZ0M09XcEVUcWt2YlFGc1lpeE9JU1ljZnZUUjZTVGhpT25JVUdjZzE4WHZzNGZBSkU4UmhyYld1c1cxMmgybU5TQ0w5bk1wZVlkVS1qbnhacDlZ?oc=5,google_news_it_rss,IT,"한솔PNS, 제조IT 솔루션 저작권 등록·특허 출원 완료 - 글로벌이코노믹","한솔PNS, 제조IT 솔루션 저작권 등록·특허 출원 완료 글로벌이코노믹",2026-08-13,,0,2026-08-13 10:13:26
